user_id,name,age,location
U0001,Dang Hong Lan,26,Binh Duong
U0002,Le Hai Khanh,41,Ho Chi Minh
U0003,Vu Thanh Uyen,37,Bien Hoa
U0004,Nguyen Gia Uyen,37,Hai Phong
U0005,Hoang Minh Dung,24,Vung Tau
U0006,Hoang Minh Minh,31,Binh Duong
U0007,Dang Gia Long,34,Vung Tau
U0008,Mai Minh Bich,23,Can Tho
U0009,Do Van An,39,Da Nang
U0010,Do Huu Son,53,Can Tho
U0011,Nguyen Thi Cuong,27,Vung Tau
U0012,Tran Xuan Oanh,55,Vung Tau
U0013,Hoang Quang Phuong,20,Ho Chi Minh
U0014,Ly Hai Bich,40,Hue
U0015,Bui Gia Dung,40,Vung Tau
U0016,Trinh Kim Phuong,33,Da Nang
U0017,Vu Hai Quang,19,Da Nang
U0018,Duong Bao Quang,33,Ho Chi Minh
U0019,Vu Bao Dung,42,Ha Noi
U0020,Mai Duc Hoa,47,Binh Duong
U0021,Ngo Xuan Khanh,32,Ha Noi
U0022,Dang Quang Nga,35,Hai Phong
U0023,Do Ngoc Long,50,Can Tho
U0024,Duong Van Dung,34,Da Nang
U0025,Do Van Dung,45,Binh Duong
U0026,Duong Quang Yen,50,Hai Phong
U0027,Phan Hai Vy,30,Ho Chi Minh
U0028,Tran Anh Quang,18,Vung Tau
U0029,Dang Ngoc Quang,22,Binh Duong
U0030,Duong Gia Dung,37,Vung Tau
U0031,Ngo Gia Quang,38,Can Tho
U0032,Ngo Hong Phuong,30,Can Tho
U0033,Phan Gia Giang,54,Ho Chi Minh
U0034,Phan Hong An,37,Ho Chi Minh
U0035,Dang Quang Vy,38,Nha Trang
U0036,Cao Thanh Mai,31,Vung Tau
U0037,Mai Bao Giang,23,Ho Chi Minh
U0038,Duong Thi Khanh,37,Hue
U0039,Dang Huu An,20,Hue
U0040,Mai Kim Cuong,47,Can Tho
U0041,Dang Anh Phuc,49,Can Tho
U0042,Bui Huu Long,18,Hai Phong
U0043,Trinh Duc Giang,51,Nha Trang
U0044,Tran Hong Khanh,25,Nha Trang
U0045,Hoang Bao Son,51,Vung Tau
U0046,Duong Bao Son,50,Can Tho
U0047,Cao Hai Giang,48,Nha Trang
U0048,Do Bao Khanh,35,Vung Tau
U0049,Mai Gia Khanh,35,Nha Trang
U0050,Le Anh Minh,33,Ho Chi Minh
U0051,Duong Ngoc Uyen,23,Da Nang
U0052,Hoang Duc Phuc,27,Hue
U0053,Le Quang Quang,39,Vung Tau
U0054,Cao Quang Bich,31,Can Tho
U0055,Phan Hai Vy,19,Bien Hoa
U0056,Phan Thanh An,40,Ho Chi Minh
U0057,Phan Xuan Quang,52,Vung Tau
U0058,Bui Thanh Khanh,35,Can Tho
U0059,Mai Van Phuc,39,Can Tho
U0060,Vu Xuan Son,26,Bien Hoa
U0061,Nguyen Hai Phuc,55,Bien Hoa
U0062,Nguyen Thi Long,45,Da Nang
U0063,Cao Huu Bich,34,Can Tho
U0064,Duong Duc Son,38,Binh Duong
U0065,Phan Minh Quang,34,Hai Phong
U0066,Mai Van Uyen,21,Binh Duong
U0067,Bui Gia Cuong,20,Ha Noi
U0068,Bui Duc An,27,Hue
U0069,Hoang Thanh Mai,25,Bien Hoa
U0070,Dang Thanh Lan,41,Da Nang
U0071,Pham Bao Giang,37,Hai Phong
U0072,Nguyen Hai Minh,54,Can Tho
U0073,Phan Anh Hoa,22,Bien Hoa
U0074,Bui Thi Minh,25,Bien Hoa
U0075,Tran Ngoc Uyen,45,Binh Duong
U0076,Le Hong Long,39,Ha Noi
U0077,Trinh Xuan Trang,24,Can Tho
U0078,Ly Gia Son,27,Can Tho
U0079,Vu Anh Tuan,35,Bien Hoa
U0080,Mai Thanh Quang,55,Ho Chi Minh
U0081,Duong Xuan Khanh,23,Ho Chi Minh
U0082,Cao Duc Son,54,Bien Hoa
U0083,Phan Ngoc An,49,Binh Duong
U0084,Vu Thanh Hoa,40,Ho Chi Minh
U0085,Duong Minh Yen,35,Vung Tau
U0086,Nguyen Hong Hoa,23,Hue
U0087,Trinh Thanh Uyen,33,Nha Trang
U0088,Mai Thanh An,23,Ho Chi Minh
U0089,Bui Quang Khanh,37,Bien Hoa
U0090,Ly Thanh Uyen,51,Binh Duong
U0091,Trinh Anh Uyen,39,Binh Duong
U0092,Cao Minh Minh,34,Hue
U0093,Pham Anh Hoa,38,Hai Phong
U0094,Vu Duc Hoa,48,Ho Chi Minh
U0095,Ngo Thi Hoa,36,Hue
U0096,Ly Huu Minh,18,Vung Tau
U0097,Hoang Minh Bich,21,Vung Tau
U0098,Ngo Anh Phuong,49,Hai Phong
U0099,Nguyen Kim Minh,48,Nha Trang
U0100,Cao Ngoc Giang,21,Ho Chi Minh
U0101,Mai Thi Cuong,43,Nha Trang
U0102,Le Kim Long,21,Da Nang
U0103,Hoang Bao Vy,37,Hai Phong
U0104,Bui Thi Uyen,44,Bien Hoa
U0105,Bui Bao Tuan,42,Nha Trang
U0106,Cao Minh Vy,45,Ho Chi Minh
U0107,Tran Kim Dung,31,Hue
U0108,Do Gia Cuong,28,Hue
U0109,Vu Hong Cuong,28,Ha Noi
U0110,Trinh Thanh Yen,48,Ho Chi Minh
U0111,Tran Duc Minh,36,Nha Trang
U0112,Le Gia Khanh,34,Bien Hoa
U0113,Dang Quang Dung,52,Hue
U0114,Hoang Hai Lan,27,Hai Phong
U0115,Tran Huu Minh,54,Ho Chi Minh
U0116,Cao Thi Son,37,Can Tho
U0117,Do Hong Uyen,49,Nha Trang
U0118,Le Kim Bich,45,Binh Duong
U0119,Do Van Cuong,32,Bien Hoa
U0120,Nguyen Bao Mai,35,Bien Hoa
U0121,Tran Bao Giang,48,Vung Tau
U0122,Cao Hai Lan,29,Bien Hoa
U0123,Trinh Gia Trang,23,Nha Trang
U0124,Ly Quang Nga,38,Hai Phong
U0125,Vu Ngoc Quang,49,Ho Chi Minh
U0126,Phan Xuan Uyen,20,Nha Trang
U0127,Le Ngoc Lan,38,Hai Phong
U0128,Phan Xuan Tuan,18,Vung Tau
U0129,Cao Quang Bich,30,Vung Tau
U0130,Ly Kim Trang,46,Ha Noi
U0131,Dang Minh Uyen,26,Ho Chi Minh
U0132,Cao Hai Trang,25,Ha Noi
U0133,Bui Anh Giang,37,Vung Tau
U0134,Nguyen Hong Quang,23,Hue
U0135,Pham Thanh Dung,27,Nha Trang
U0136,Ngo Hong Lan,44,Nha Trang
U0137,Mai Duc Son,53,Da Nang
U0138,Phan Duc Yen,50,Da Nang
U0139,Le Minh Quang,39,Vung Tau
U0140,Do Xuan An,36,Ho Chi Minh
U0141,Mai Xuan Phuong,46,Vung Tau
U0142,Mai Ngoc Nga,53,Vung Tau
U0143,Phan Thanh Nga,30,Hue
U0144,Phan Duc Quang,20,Binh Duong
U0145,Mai Anh Phuc,42,Da Nang
U0146,Mai Van Phuong,50,Bien Hoa
U0147,Duong Xuan Dung,46,Hai Phong
U0148,Cao Van Phuong,44,Da Nang
U0149,Le Thanh Lan,39,Bien Hoa
U0150,Phan Gia Cuong,39,Vung Tau
U0151,Phan Ngoc Long,49,Vung Tau
U0152,Tran Kim Cuong,33,Ho Chi Minh
U0153,Bui Anh Cuong,45,Hai Phong
U0154,Pham Thanh Giang,37,Ha Noi
U0155,Tran Ngoc Bich,36,Binh Duong
U0156,Ly Quang Phuong,33,Vung Tau
U0157,Trinh Kim Mai,29,Da Nang
U0158,Vu Thi Yen,42,Bien Hoa
U0159,Bui Thanh Vy,27,Hue
U0160,Cao Gia Lan,47,Ho Chi Minh
U0161,Nguyen Hai Son,36,Vung Tau
U0162,Vu Thi Son,40,Bien Hoa
U0163,Ngo Gia Quang,34,Nha Trang
U0164,Ngo Duc Phuc,48,Hai Phong
U0165,Bui Quang Vy,40,Bien Hoa
U0166,Ngo Anh Minh,19,Can Tho
U0167,Do Van Vy,21,Bien Hoa
U0168,Mai Xuan Minh,32,Bien Hoa
U0169,Ly Duc Long,30,Bien Hoa
U0170,Do Gia Mai,26,Hai Phong
U0171,Tran Minh Son,20,Bien Hoa
U0172,Ly Anh Phuong,23,Ho Chi Minh
U0173,Duong Anh Quang,29,Hue
U0174,Hoang Bao Uyen,41,Vung Tau
U0175,Do Xuan Giang,34,Nha Trang
U0176,Ngo Anh Nga,25,Nha Trang
U0177,Le Huu Khanh,43,Vung Tau
U0178,Ly Thi Phuc,18,Ho Chi Minh
U0179,Pham Thanh Oanh,34,Bien Hoa
U0180,Phan Xuan Long,41,Hai Phong
U0181,Bui Thanh An,53,Binh Duong
U0182,Bui Gia Cuong,47,Ho Chi Minh
U0183,Trinh Thi Phuong,20,Ha Noi
U0184,Ngo Thanh Dung,24,Hue
U0185,Hoang Quang Son,41,Vung Tau
U0186,Trinh Kim Phuong,44,Hai Phong
U0187,Mai Kim Quang,35,Ha Noi
U0188,Ly Duc Son,46,Hue
U0189,Ly Thi Mai,41,Vung Tau
U0190,Ly Van Phuc,35,Hue
U0191,Pham Xuan Son,23,Hue
U0192,Nguyen Van Nga,33,Da Nang
U0193,Dang Thi Uyen,31,Bien Hoa
U0194,Dang Xuan Khanh,39,Da Nang
U0195,Nguyen Minh Phuong,26,Vung Tau
U0196,Do Bao Giang,25,Ha Noi
U0197,Hoang Van Oanh,33,Bien Hoa
U0198,Duong Van Giang,34,Ha Noi
U0199,Hoang Anh Quang,51,Hai Phong
U0200,Le Thanh Son,41,Vung Tau
U0201,Pham Thanh Tuan,32,Bien Hoa
U0202,Tran Anh Mai,51,Ho Chi Minh
U0203,Cao Gia An,21,Nha Trang
U0204,Phan Quang Mai,24,Nha Trang
U0205,Cao Thi Cuong,38,Bien Hoa
U0206,Hoang Thi Phuong,35,Bien Hoa
U0207,Duong Quang Yen,51,Ho Chi Minh
U0208,Cao Hong Yen,45,Hai Phong
U0209,Pham Xuan Long,53,Hue
U0210,Trinh Thanh Khanh,44,Binh Duong
U0211,Cao Quang Quang,24,Binh Duong
U0212,Trinh Ngoc Mai,34,Binh Duong
U0213,Hoang Gia Trang,22,Hai Phong
U0214,Le Thi Quang,24,Binh Duong
U0215,Hoang Hong Bich,55,Vung Tau
U0216,Duong Gia Dung,44,Binh Duong
U0217,Trinh Xuan Bich,36,Bien Hoa
U0218,Ngo Ngoc Dung,54,Vung Tau
U0219,Dang Huu Mai,48,Hue
U0220,Pham Ngoc Uyen,41,Hai Phong
U0221,Do Kim Khanh,45,Vung Tau
U0222,Nguyen Kim Mai,35,Ha Noi
U0223,Vu Minh Minh,39,Binh Duong
U0224,Nguyen Huu Phuong,54,Can Tho
U0225,Le Huu Long,19,Hai Phong
U0226,Dang Quang Quang,47,Binh Duong
U0227,Vu Ngoc Minh,38,Bien Hoa
U0228,Le Hai Bich,27,Da Nang
U0229,Tran Gia Cuong,35,Nha Trang
U0230,Trinh Thanh Yen,46,Can Tho
U0231,Do Duc Tuan,25,Binh Duong
U0232,Trinh Thi Minh,55,Nha Trang
U0233,Ngo Van Khanh,43,Bien Hoa
U0234,Tran Van Hoa,37,Hue
U0235,Hoang Bao Lan,36,Binh Duong
U0236,Pham Van Trang,45,Da Nang
U0237,Hoang Quang Uyen,32,Vung Tau
U0238,Ly Thi Phuc,20,Can Tho
U0239,Nguyen Thanh Cuong,38,Bien Hoa
U0240,Trinh Kim Phuc,44,Ho Chi Minh
U0241,Pham Quang An,38,Da Nang
U0242,Cao Xuan Oanh,23,Can Tho
U0243,Pham Duc Quang,55,Can Tho
U0244,Le Quang Minh,39,Hue
U0245,Duong Bao Giang,22,Vung Tau
U0246,Pham Hong Tuan,30,Binh Duong
U0247,Ly Anh Long,27,Hue
U0248,Pham Huu Lan,30,Da Nang
U0249,Hoang Bao Long,22,Da Nang
U0250,Mai Thanh Vy,55,Nha Trang
U0251,Duong Xuan Long,38,Da Nang
U0252,Cao Thi Trang,46,Ho Chi Minh
U0253,Do Kim Bich,40,Vung Tau
U0254,Le Minh Son,46,Ha Noi
U0255,Tran Ngoc Minh,22,Hai Phong
U0256,Phan Thanh Vy,53,Ha Noi
U0257,Cao Hai Vy,30,Binh Duong
U0258,Mai Hong Phuong,21,Nha Trang
U0259,Pham Bao Nga,23,Vung Tau
U0260,Vu Van Khanh,46,Nha Trang
U0261,Vu Ngoc Oanh,36,Can Tho
U0262,Trinh Bao Nga,21,Binh Duong
U0263,Le Ngoc Dung,53,Can Tho
U0264,Ngo Minh Mai,27,Binh Duong
U0265,Le Kim Mai,27,Binh Duong
U0266,Ngo Gia Mai,43,Da Nang
U0267,Le Minh Uyen,42,Binh Duong
U0268,Hoang Gia Mai,51,Hai Phong
U0269,Trinh Hong Oanh,19,Binh Duong
U0270,Ngo Huu Hoa,39,Nha Trang
U0271,Dang Duc Phuong,27,Hai Phong
U0272,Ngo Xuan Dung,50,Vung Tau
U0273,Tran Gia Nga,26,Bien Hoa
U0274,Phan Huu Giang,29,Bien Hoa
U0275,Vu Anh Son,20,Can Tho
U0276,Ly Gia Khanh,46,Bien Hoa
U0277,Ngo Bao Son,32,Vung Tau
U0278,Bui Minh Trang,30,Binh Duong
U0279,Cao Thanh Minh,42,Vung Tau
U0280,Trinh Huu Hoa,26,Ho Chi Minh
U0281,Tran Gia Trang,41,Vung Tau
U0282,Pham Anh Tuan,25,Ho Chi Minh
U0283,Le Bao Giang,35,Nha Trang
U0284,Hoang Xuan Quang,23,Hue
U0285,Cao Hai Oanh,19,Can Tho
U0286,Tran Quang Tuan,41,Hue
U0287,Phan Thi Oanh,32,Ha Noi
U0288,Duong Hai Dung,39,Da Nang
U0289,Hoang Van Minh,48,Da Nang
U0290,Mai Thanh Yen,18,Hai Phong
U0291,Nguyen Minh Hoa,27,Vung Tau
U0292,Trinh Thi Minh,33,Ho Chi Minh
U0293,Pham Van Khanh,44,Bien Hoa
U0294,Cao Thi Dung,49,Bien Hoa
U0295,Nguyen Gia Tuan,54,Hue
U0296,Hoang Minh Quang,18,Bien Hoa
U0297,Ly Duc Vy,44,Da Nang
U0298,Le Hong Oanh,22,Vung Tau
U0299,Nguyen Quang Trang,20,Can Tho
U0300,Ly Minh An,40,Hai Phong
U0301,Ly Duc Mai,24,Bien Hoa
U0302,Duong Huu Bich,40,Vung Tau
U0303,Duong Xuan Long,29,Nha Trang
U0304,Mai Gia Giang,26,Hai Phong
U0305,Cao Van Minh,30,Ha Noi
U0306,Dang Hai Bich,38,Ho Chi Minh
U0307,Phan Xuan Uyen,48,Ho Chi Minh
U0308,Tran Bao Long,30,Ho Chi Minh
U0309,Ly Xuan Bich,39,Ho Chi Minh
U0310,Pham Bao Oanh,45,Can Tho
U0311,Cao Hai Phuc,39,Da Nang
U0312,Mai Anh Trang,41,Vung Tau
U0313,Do Bao Cuong,45,Hai Phong
U0314,Trinh Kim Giang,52,Ho Chi Minh
U0315,Duong Thi Cuong,38,Ho Chi Minh
U0316,Ngo Thanh Yen,45,Da Nang
U0317,Cao Ngoc Son,20,Binh Duong
U0318,Trinh Minh Long,21,Hai Phong
U0319,Phan Ngoc Tuan,28,Ha Noi
U0320,Hoang Xuan Yen,46,Ha Noi
U0321,Hoang Thi Khanh,41,Binh Duong
U0322,Phan Kim Bich,27,Nha Trang
U0323,Ly Ngoc Son,22,Bien Hoa
U0324,Hoang Hong Oanh,43,Binh Duong
U0325,Do Duc Dung,19,Da Nang
U0326,Mai Hong Phuc,53,Hai Phong
U0327,Do Bao Lan,46,Hue
U0328,Ngo Anh Trang,30,Hai Phong
U0329,Hoang Xuan Cuong,46,Da Nang
U0330,Cao Thi Mai,38,Binh Duong
U0331,Le Hong Uyen,36,Ho Chi Minh
U0332,Vu Anh Long,29,Binh Duong
U0333,Bui Thi Hoa,26,Hue
U0334,Mai Van Oanh,53,Bien Hoa
U0335,Ly Thanh Uyen,26,Bien Hoa
U0336,Le Thi Minh,43,Nha Trang
U0337,Trinh Bao Quang,54,Hai Phong
U0338,Hoang Ngoc Long,22,Nha Trang
U0339,Cao Gia Tuan,40,Da Nang
U0340,Vu Bao Phuong,45,Vung Tau
U0341,Tran Xuan Dung,51,Da Nang
U0342,Ngo Huu Giang,38,Hue
U0343,Ly Hong Minh,23,Ho Chi Minh
U0344,Dang Gia Uyen,35,Da Nang
U0345,Ngo Kim Uyen,23,Vung Tau
U0346,Vu Kim Vy,27,Da Nang
U0347,Duong Xuan Vy,20,Ha Noi
U0348,Le Van Long,54,Ho Chi Minh
U0349,Dang Bao Vy,44,Bien Hoa
U0350,Nguyen Thanh Long,52,Ho Chi Minh
U0351,Ngo Thanh Khanh,43,Ho Chi Minh
U0352,Cao Thi Bich,28,Nha Trang
U0353,Trinh Thanh Son,31,Binh Duong
U0354,Hoang Ngoc Nga,40,Can Tho
U0355,Hoang Bao Oanh,50,Vung Tau
U0356,Pham Ngoc Khanh,47,Hai Phong
U0357,Do Thanh Khanh,27,Hai Phong
U0358,Tran Minh Phuc,44,Hue
U0359,Vu Xuan Nga,54,Binh Duong
U0360,Dang Bao Giang,49,Vung Tau
U0361,Cao Thanh Minh,49,Ha Noi
U0362,Le Quang Tuan,47,Hue
U0363,Dang Kim Oanh,21,Ha Noi
U0364,Ngo Thanh Yen,48,Ho Chi Minh
U0365,Nguyen Xuan Dung,45,Da Nang
U0366,Do Anh Oanh,43,Binh Duong
U0367,Tran Quang Bich,54,Vung Tau
U0368,Dang Ngoc Uyen,36,Hai Phong
U0369,Phan Hong Son,53,Ho Chi Minh
U0370,Pham Huu Dung,43,Binh Duong
U0371,Duong Hong Oanh,27,Hue
U0372,Phan Hong Bich,20,Ha Noi
U0373,Hoang Anh Nga,48,Vung Tau
U0374,Cao Huu Yen,50,Da Nang
U0375,Duong Hai Yen,38,Da Nang
U0376,Phan Kim Minh,55,Binh Duong
U0377,Mai Anh Vy,37,Nha Trang
U0378,Nguyen Ngoc Nga,25,Can Tho
U0379,Ngo Bao Long,19,Bien Hoa
U0380,Mai Minh Long,55,Bien Hoa
U0381,Bui Anh Bich,55,Nha Trang
U0382,Vu Hong Long,42,Da Nang
U0383,Bui Van Vy,25,Hue
U0384,Nguyen Thanh Nga,44,Da Nang
U0385,Trinh Anh Hoa,44,Vung Tau
U0386,Mai Xuan Bich,26,Vung Tau
U0387,Dang Hong Nga,48,Vung Tau
U0388,Phan Ngoc Giang,47,Vung Tau
U0389,Duong Hong Oanh,34,Bien Hoa
U0390,Mai Duc Khanh,35,Vung Tau
U0391,Ngo Duc Minh,36,Hue
U0392,Mai Ngoc Trang,40,Vung Tau
U0393,Do Minh Dung,54,Vung Tau
U0394,Phan Hai Phuc,40,Da Nang
U0395,Ngo Van Minh,23,Binh Duong
U0396,Cao Gia Lan,48,Hue
U0397,Dang Xuan Uyen,35,Vung Tau
U0398,Do Huu Dung,55,Hue
U0399,Bui Van Mai,51,Hue
U0400,Bui Van Dung,44,Binh Duong
U0401,Mai Thi Mai,26,Ha Noi
U0402,Vu Quang Long,48,Nha Trang
U0403,Dang Bao Minh,38,Ho Chi Minh
U0404,Tran Hai Cuong,54,Hue
U0405,Tran Hai Giang,44,Da Nang
U0406,Tran Xuan Phuc,49,Da Nang
U0407,Ngo Hai Bich,18,Ho Chi Minh
U0408,Pham Hai Nga,36,Nha Trang
U0409,Mai Hai Phuong,50,Nha Trang
U0410,Do Duc Dung,39,Da Nang
U0411,Cao Gia Lan,29,Ha Noi
U0412,Duong Bao Minh,54,Hue
U0413,Vu Kim Long,43,Can Tho
U0414,Duong Thi Phuc,24,Da Nang
U0415,Hoang Thanh Nga,33,Ha Noi
U0416,Do Quang Khanh,46,Ho Chi Minh
U0417,Duong Minh Vy,54,Ha Noi
U0418,Do Gia Oanh,33,Ha Noi
U0419,Pham Thanh Minh,28,Can Tho
U0420,Ngo Anh Dung,36,Binh Duong
U0421,Bui Duc Phuong,48,Da Nang
U0422,Cao Anh Yen,41,Can Tho
U0423,Mai Bao Uyen,31,Hue
U0424,Le Hong Son,51,Binh Duong
U0425,Le Hai Vy,25,Ha Noi
U0426,Dang Kim Uyen,27,Da Nang
U0427,Duong Xuan Tuan,46,Hai Phong
U0428,Dang Anh Vy,49,Hai Phong
U0429,Cao Bao Bich,47,Da Nang
U0430,Trinh Thanh Vy,21,Vung Tau
U0431,Cao Gia Minh,19,Can Tho
U0432,Do Xuan An,31,Bien Hoa
U0433,Le Van Quang,40,Hai Phong
U0434,Tran Hai Cuong,48,Ha Noi
U0435,Ngo Quang Giang,26,Can Tho
U0436,Ly Hai Phuc,46,Can Tho
U0437,Phan Thi Mai,52,Da Nang
U0438,Ly Thi Giang,52,Can Tho
U0439,Hoang Anh Khanh,18,Ha Noi
U0440,Ngo Thanh Mai,52,Can Tho
U0441,Phan Xuan Khanh,33,Nha Trang
U0442,Ly Huu Lan,30,Hai Phong
U0443,Tran Bao Mai,44,Bien Hoa
U0444,Nguyen Duc Hoa,22,Hai Phong
U0445,Tran Thanh Yen,21,Hue
U0446,Tran Quang Son,32,Vung Tau
U0447,Dang Bao Bich,26,Vung Tau
U0448,Ngo Duc Vy,38,Bien Hoa
U0449,Duong Duc Minh,27,Vung Tau
U0450,Bui Quang Minh,35,Ha Noi
U0451,Vu Gia Mai,45,Vung Tau
U0452,Mai Van Oanh,42,Vung Tau
U0453,Duong Anh Quang,44,Da Nang
U0454,Ngo Quang Giang,52,Nha Trang
U0455,Bui Xuan Khanh,37,Da Nang
U0456,Cao Hai Bich,53,Can Tho
U0457,Trinh Hong Tuan,26,Can Tho
U0458,Bui Minh Hoa,39,Hai Phong
U0459,Cao Xuan Oanh,23,Vung Tau
U0460,Dang Van Lan,42,Bien Hoa
U0461,Tran Xuan Cuong,30,Bien Hoa
U0462,Dang Thanh Hoa,39,Ho Chi Minh
U0463,Nguyen Duc Hoa,25,Nha Trang
U0464,Bui Anh Yen,31,Can Tho
U0465,Bui Hong Nga,36,Can Tho
U0466,Cao Hong Long,40,Ho Chi Minh
U0467,Do Ngoc Tuan,49,Nha Trang
U0468,Pham Bao Trang,38,Hue
U0469,Ly Ngoc Quang,20,Bien Hoa
U0470,Bui Anh Phuong,19,Ho Chi Minh
U0471,Trinh Minh Phuong,30,Binh Duong
U0472,Bui Quang Vy,33,Nha Trang
U0473,Duong Minh Trang,49,Nha Trang
U0474,Vu Anh Oanh,28,Da Nang
U0475,Mai Huu Uyen,21,Vung Tau
U0476,Tran Xuan Cuong,21,Ha Noi
U0477,Trinh Huu Long,32,Hai Phong
U0478,Hoang Van Hoa,50,Nha Trang
U0479,Ly Van Yen,48,Nha Trang
U0480,Nguyen Van Uyen,53,Can Tho
U0481,Nguyen Van Tuan,35,Vung Tau
U0482,Ngo Van Tuan,45,Da Nang
U0483,Pham Hai Dung,51,Da Nang
U0484,Bui Duc Yen,51,Ho Chi Minh
U0485,Ly Minh Phuc,23,Binh Duong
U0486,Phan Thanh Vy,33,Hue
U0487,Ngo Gia Cuong,20,Hai Phong
U0488,Phan Quang Phuc,53,Nha Trang
U0489,Tran Gia An,28,Hai Phong
U0490,Mai Xuan Quang,39,Bien Hoa
U0491,Pham Hai Tuan,20,Hue
U0492,Dang Hai Vy,48,Ho Chi Minh
U0493,Tran Hai Cuong,35,Vung Tau
U0494,Tran Huu Nga,19,Hue
U0495,Hoang Bao Phuc,22,Ho Chi Minh
U0496,Vu Kim Khanh,54,Can Tho
U0497,Duong Quang Phuong,23,Vung Tau
U0498,Ly Van Dung,45,Hue
U0499,Le Ngoc Yen,43,Binh Duong
U0500,Nguyen Gia Lan,46,Nha Trang
